date,year,artist,lineup,venue,city,country,attendance,url
1995-10-22,1995,Phish,Phish,Assembly Hall,Champaign,United States,1,https://www.last.fm/event/1467320+Phish
1995-10-24,1995,Phish,Phish,Dane County Coliseum,"Madison, WI",United States,1,https://www.last.fm/event/1467322+Phish
1997-08-08,1997,Phish,,Hollywood Casino Amphitheatre,Tinley Park,United States,2,https://www.last.fm/event/1472047+Phish+at+Hollywood+Casino+Amphitheatre+on+08+August+1997
1997-08-09,1997,Phish,,Alpine Valley Music Theatre,"East Troy, WI",United States,3,https://www.last.fm/event/235355+Phish+at+Alpine+Valley+Music+Theatre+on+09+August+1997
1997-08-16,1997,The Allman Brothers Band,,Hollywood Casino Amphitheatre,Tinley Park,United States,1,https://www.last.fm/event/1472044+The+Allman+Brothers+Band+at+Hollywood+Casino+Amphitheatre+on+16+August+1997
1997-11-16,1997,Phish,,McNichols Sports Arena,"Denver, CO",United States,3,https://www.last.fm/event/1468879+Phish+at+McNichols+Sports+Arena+on+16+November+1997
1997-11-17,1997,Phish,,McNichols Arena,"Denver, Colorado",United States,2,https://www.last.fm/event/1468881+Phish+at+McNichols+Arena+on+17+November+1997
1999-04-08,1999,Béla Fleck and the Flecktones,,University Theatre,Missoula,United States,2,https://www.last.fm/event/1472041+B%C3%A9la+Fleck+and+the+Flecktones+at+University+Theatre+on+08+April+1999
2000-04-01,2000,Bob Dylan,Asleep At The Wheel,Sioux Falls Arena,Sioux Falls,United States,1,https://www.last.fm/event/1472062+Bob+Dylan+at+Sioux+Falls+Arena+on+01+April+2000
2000-08-25,2000,Madison Blues Festival,"The Allman Brothers Band, B.B. King, Bobby Rush, Buddy Guy",Olin Park,"Madison, WI",United States,1,https://www.last.fm/event/1468883+Madison+Blues+Festival
2000-09-24,2000,Phish,,Target Center,Minneapolis,United States,3,https://www.last.fm/event/1468882+Phish+at+Target+Center+on+24+September+2000
2000-11-01,2000,Buddy Guy,,Fine Line Music Cafe,Minneapolis,United States,1,https://www.last.fm/event/1472043+Buddy+Guy+at+Fine+Line+Music+Cafe+on+01+November+2000
2001-05-19,2001,The Black Crowes,"Oasis, Spacehog",Xcel Energy Center,Saint Paul,United States,2,https://www.last.fm/event/1471093+The+Black+Crowes+at+Xcel+Energy+Center+on+19+May+2001
2001-06-14,2001,"Medeski, Martin and Wood",,Walker Art Center,,United States,1,"https://www.last.fm/event/1471091+Medeski,+Martin+and+Wood+at+Walker+Art+Center+on+14+June+2001"
2001-08-16,2001,Lloyd's Blues Music Festival,"Buddy Guy, B.B. King",Grand Casino Hinckley Amphitheater,"Hinckley, MN",United States,1,https://www.last.fm/event/1471085+Lloyd%27s+Blues+Music+Festival
2001-10-07,2001,The Black Crowes,,Orpheum Theatre,Minneapolis,United States,1,https://www.last.fm/event/1471087+The+Black+Crowes+at+Orpheum+Theatre+on+07+October+2001
2001-10-18,2001,"Medeski, Martin and Wood",,The O'Shaughnessy,St. Paul,United States,1,"https://www.last.fm/event/1471075+Medeski,+Martin+and+Wood+at+The+O%27Shaughnessy+on+18+October+2001"
2001-10-26,2001,The Beta Band,,Fine Line Music Cafe,Minneapolis,United States,1,https://www.last.fm/event/1471066+The+Beta+Band+at+Fine+Line+Music+Cafe+on+26+October+2001
2001-10-31,2001,Bob Dylan,,Kohl Center,Madison,United States,1,https://www.last.fm/event/1470368+Bob+Dylan+at+Kohl+Center+on+31+October+2001
2001-12-01,2001,Karl Denson's Tiny Universe,,Fine Line Music Cafe,Minneapolis,United States,1,https://www.last.fm/event/1470366+Karl+Denson%27s+Tiny+Universe+at+Fine+Line+Music+Cafe+on+01+December+2001
2002-04-20,2002,The Beta Band,,The Quest,Minneapois,United States,1,https://www.last.fm/event/1470365+The+Beta+Band+at+The+Quest+on+20+April+2002
2002-07-30,2002,Wilco,,Orpheum Theatre,Minneapolis,United States,1,https://www.last.fm/event/1470364+Wilco+at+Orpheum+Theatre+on+30+July+2002
2002-09-18,2002,Karl Denson's Tiny Universe,John Scofield,First Avenue,Minneapolis,United States,1,https://www.last.fm/event/1470362+Karl+Denson%27s+Tiny+Universe+at+First+Avenue+on+18+September+2002
2002-10-17,2002,Beck,The Flaming Lips,Orpheum Theatre,Minneapolis,United States,2,https://www.last.fm/event/1470361+Beck+at+Orpheum+Theatre+on+17+October+2002
2002-10-30,2002,Bob Dylan and His Band,Bob Dylan,RiverCentre,"St. Paul, MN",United States,3,https://www.last.fm/event/534573+Bob+Dylan+and+His+Band
2002-11-10,2002,Wilco,,IMU Main Lounge,"Iowa City, IA",United States,3,https://www.last.fm/event/476659+Wilco+at+IMU+Main+Lounge+on+10+November+2002
2003-06-26,2003,Wilco,Sonic Youth,Central Park,New York,United States,1,https://www.last.fm/event/1470357+Wilco+at+Central+Park+on+26+June+2003
2003-06-27,2003,Wilco,Sonic Youth,Central Park,New York,United States,2,https://www.last.fm/event/1470358+Wilco+at+Central+Park+on+27+June+2003
2003-09-24,2003,Ween,,The Wiltern,Los Angeles,United States,1,https://www.last.fm/event/1467451+Ween+at+The+Wiltern+on+24+September+2003
2003-09-25,2003,Radiohead,Supergrass,Hollywood Bowl,Los Angeles,United States,12,https://www.last.fm/event/80526+Radiohead+at+Hollywood+Bowl+on+25+September+2003
2004-01-27,2004,French Kicks,Dios Malos,Troubadour,West Hollywood,United States,1,https://www.last.fm/event/1470353+French+Kicks+at+Troubadour+on+27+January+2004
2004-02-02,2004,The Walkmen,Weird War,The Music Box,Hollywood,United States,1,https://www.last.fm/event/1467433+The+Walkmen+at+The+Music+Box+on+02+February+2004
2004-03-24,2004,Modest Mouse,,The Music Box,Hollywood,United States,1,https://www.last.fm/event/1467434+Modest+Mouse+at+The+Music+Box+on+24+March+2004
2004-04-11,2004,Iron & Wine,Holopaw,Knitting Factory,"Los Angeles, CA",United States,1,https://www.last.fm/event/1467435+Iron+&+Wine+at+Knitting+Factory+on+11+April+2004
2004-10-27,2004,Interpol,Secret Machines,The Wiltern,Los Angeles,United States,8,https://www.last.fm/event/372532+Interpol+at+The+Wiltern+on+27+October+2004
2005-03-24,2005,The Decemberists,Okkervil River,The Music Box,Hollywood,United States,6,https://www.last.fm/event/66633+The+Decemberists+at+The+Music+Box+on+24+March+2005
2005-04-29,2005,Magnolia Electric Co.,,The Echo,Los Angeles,United States,1,https://www.last.fm/event/1467437+Magnolia+Electric+Co.+at+The+Echo+on+29+April+2005
2005-06-03,2005,Q101 Block Party,"Queens of the Stone Age, 30 Seconds to Mars, Hot Hot Heat, Interpol",New City YMCA,Chicago,United States,7,https://www.last.fm/event/195624+Q101+Block+Party
2005-06-11,2005,The National,"Menomena, Talkdemonic",Spaceland,Los Angeles,United States,2,https://www.last.fm/event/1467344+The+National+at+Spaceland+on+11+June+2005
2005-06-26,2005,David Byrne,"Arcade Fire, Band Of The Lost",Hollywood Bowl,Los Angeles,United States,4,https://www.last.fm/event/183237+David+Byrne+at+Hollywood+Bowl+on+26+June+2005
2005-07-16,2005,Sufjan Stevens,,El Rey Theatre,Los Angeles,United States,1,https://www.last.fm/event/1467439+Sufjan+Stevens+at+El+Rey+Theatre+on+16+July+2005
2005-10-15,2005,Son Volt,,Vic Theatre,Chicago,United States,1,https://www.last.fm/event/1467440+Son+Volt+at+Vic+Theatre+on+15+October+2005
2005-11-10,2005,John Cale,Chris Connelly,Double Door,Chicago,United States,1,https://www.last.fm/event/1467442+John+Cale+at+Double+Door+on+10+November+2005
2005-12-11,2005,Iron & Wine and Calexico,,Congress Theater,Chicago,United States,1,https://www.last.fm/event/1467443+Iron+&+Wine+and+Calexico+at+Congress+Theater+on+11+December+2005
2006-01-14,2006,Tapes 'n Tapes,"Chin Up Chin Up, Lake Holiday, Pit Er Pat",Schubas Tavern,Chicago,United States,2,https://www.last.fm/event/640484+Tapes+%27n+Tapes+at+Schubas+Tavern+on+14+January+2006
2006-02-20,2006,Jason Molina,Palliard,Schubas Tavern,Chicago,United States,1,https://www.last.fm/event/1468892+Jason+Molina+at+Schubas+Tavern+on+20+February+2006
2006-03-23,2006,Magnolia Electric Co.,"Destroyer, Nedelle",The Abbey Pub,Chicago,United States,1,https://www.last.fm/event/1467448+Magnolia+Electric+Co.+at+The+Abbey+Pub+on+23+March+2006
2006-03-24,2006,The National,,Double Door,Chicago,United States,1,https://www.last.fm/event/1467445+The+National+at+Double+Door+on+24+March+2006
2006-04-28,2006,Tapes 'n Tapes,Essex Green,Subterranean,Chicago,United States,1,https://www.last.fm/event/1472183+Tapes+%27n+Tapes+at+Subterranean+on+28+April+2006
2006-06-01,2006,The Walkmen,Mazarin,Metro,Chicago,United States,3,https://www.last.fm/event/190123+The+Walkmen+at+Metro+on+01+June+2006
2006-06-06,2006,Band of Horses,Mt. Egypt,Schubas Tavern,Chicago,United States,1,https://www.last.fm/event/1468811+Band+of+Horses+at+Schubas+Tavern+on+06+June+2006
2006-07-29,2006,Pitchfork Festival,"Os Mutantes, Aesop Rock, Art Brut, Band of Horses, Chin Up Chin Up, Danielson Familie, Destroyer, Devendra Banhart, Hot Machines",Union Park,Chicago,United States,66,https://www.last.fm/festival/71021+Pitchfork+Festival
2006-08-08,2006,Wolf Parade,"Wolf Parade, Frog Eyes, Holy Fuck",Metro,Chicago,United States,4,https://www.last.fm/event/219237+Wolf+Parade
2006-09-05,2006,Band of Horses,Chad VanGaalen,Metro,Chicago,United States,1,https://www.last.fm/event/1470348+Band+of+Horses+at+Metro+on+05+September+2006
2006-09-10,2006,Smog,,Old Town School of Folk Music,Chicago,United States,1,https://www.last.fm/event/1468809+Smog+at+Old+Town+School+of+Folk+Music+on+10+September+2006
2006-10-03,2006,Clap Your Hands Say Yeah,Architecture in Helsinki,Vic Theatre,Chicago,United States,5,https://www.last.fm/event/56950+Clap+Your+Hands+Say+Yeah+at+Vic+Theatre+on+03+October+2006
2006-10-06,2006,Sunset Rubdown,"Sunset Rubdown, Beaver, Office",Logan Square Auditorium,,United States,3,https://www.last.fm/event/219236+Sunset+Rubdown
2006-10-07,2006,Okkervil River,,Schubas Tavern,Chicago,United States,1,https://www.last.fm/event/1468812+Okkervil+River+at+Schubas+Tavern+on+07+October+2006
2006-10-20,2006,Magnolia Electric Co.,FOG,The Abbey Pub,Chicago,United States,1,https://www.last.fm/event/1468887+Magnolia+Electric+Co.+at+The+Abbey+Pub+on+20+October+2006
2006-10-26,2006,Catfish Haven,"Sean Na Na, The Hold Steady",Metro,Chicago,United States,8,https://www.last.fm/event/26999+Catfish+Haven+at+Metro+on+26+October+2006
2006-10-27,2006,Bob Dylan,Kings of Leon,Sears Centre Arena,Hoffman Estates,United States,7,https://www.last.fm/event/152404+Bob+Dylan+at+Sears+Centre+Arena+on+27+October+2006
2006-11-11,2006,Alasdair Roberts,The Decemberists,Riviera Theater,Chicago,United States,50,https://www.last.fm/event/27211+Alasdair+Roberts+at+Riviera+Theater+on+11+November+2006
2006-11-22,2006,Wilco,Detholz,Barrymore Theatre,Madison,United States,3,https://www.last.fm/event/59627+Wilco+at+Barrymore+Theatre+on+22+November+2006
2006-12-07,2006,The Lemonheads,"Hymns, Vietnam",Double Door,Chicago,United States,4,https://www.last.fm/event/54940+The+Lemonheads+at+Double+Door+on+07+December+2006
2006-12-09,2006,"Medeski, Martin and Wood",John Scofield,Vic Theatre,Chicago,United States,8,"https://www.last.fm/event/42968+Medeski,+Martin+and+Wood+at+Vic+Theatre+on+09+December+2006"
2006-12-31,2006,The Hold Steady,David Shouse,House of Blues,Chicago,United States,11,https://www.last.fm/event/80462+The+Hold+Steady+at+House+of+Blues+on+31+December+2006
2007-02-09,2007,Grizzly Bear,Dirty Projectors,Subterranean,Chicago,United States,21,https://www.last.fm/event/79719+Grizzly+Bear+at+Subterranean+on+09+February+2007
2007-03-11,2007,The Walkmen,The Broken West,Schubas Tavern,Chicago,United States,15,https://www.last.fm/event/99643+The+Walkmen+at+Schubas+Tavern+on+11+March+2007
2007-03-28,2007,Neko Case,,Park West,Chicago,United States,14,https://www.last.fm/event/150480+Neko+Case+at+Park+West+on+28+March+2007
2007-04-06,2007,Elvis Perkins,Lets Go Sailing,Schubas Tavern,Chicago,United States,3,https://www.last.fm/event/158427+Elvis+Perkins+at+Schubas+Tavern+on+06+April+2007
2007-04-13,2007,Satellite 66,"Moxie Motive, The Record Low",Empty Bottle,Chicago,United States,2,https://www.last.fm/event/138621+Satellite+66+at+Empty+Bottle+on+13+April+2007
2007-04-20,2007,Andrew Bird,Apostle of Hustle,Riviera Theater,Chicago,United States,68,https://www.last.fm/event/143739+Andrew+Bird+at+Riviera+Theater+on+20+April+2007
2007-04-22,2007,Modest Mouse,"Grand Archives, Love As Laughter",Auditorium Theatre,Chicago,United States,55,https://www.last.fm/event/180973+Modest+Mouse+at+Auditorium+Theatre+on+22+April+2007
2007-04-24,2007,All Smiles,"Richard Swift, White Rabbits",Schubas Tavern,Chicago,United States,2,https://www.last.fm/event/182340+All+Smiles+at+Schubas+Tavern+on+24+April+2007
2007-04-30,2007,Deadstring Brothers,Matt Mays and El Torpedo,Schubas Tavern,Chicago,United States,1,https://www.last.fm/event/1468823+Deadstring+Brothers+at+Schubas+Tavern+on+30+April+2007
2007-05-10,2007,Daniel Johnston,,Lakeshore Theater,Chicago,United States,22,https://www.last.fm/event/171158+Daniel+Johnston+at+Lakeshore+Theater+on+10+May+2007
2007-05-12,2007,Tapes 'n Tapes,"Harlem Shakes, Ladyhawk",The Abbey Pub,Chicago,United States,33,https://www.last.fm/event/126398+Tapes+%27n+Tapes+at+The+Abbey+Pub+on+12+May+2007
2007-05-18,2007,Arcade Fire,St. Vincent,Chicago Theatre,Chicago,United States,99,https://www.last.fm/event/141388+Arcade+Fire+at+Chicago+Theatre+on+18+May+2007
2007-05-22,2007,Illinois,,Schubas Tavern,Chicago,United States,1,https://www.last.fm/event/1468844+Illinois+at+Schubas+Tavern+on+22+May+2007
2007-05-26,2007,The Flatlanders,Jenny Scheinman,Old Town School of Folk Music,Chicago,United States,2,https://www.last.fm/event/246613+The+Flatlanders+at+Old+Town+School+of+Folk+Music+on+26+May+2007
2007-06-01,2007,"Loney, dear",,Lakeshore Theater,Chicago,United States,2,"https://www.last.fm/event/243956+Loney,+dear+at+Lakeshore+Theater+on+01+June+2007"
2007-06-07,2007,The National,"Shapes and Sizes, Talkdemonic",Metro,Chicago,United States,60,https://www.last.fm/event/165513+The+National+at+Metro+on+07+June+2007
2007-06-09,2007,Ribfest,Deadstring Brothers,Ribfest Chicago,Chicago,United States,1,https://www.last.fm/event/1472778+Ribfest
2007-06-15,2007,Taste of Randolph,"Adam Fitz, Fountains of Wayne, Grace Potter and the Nocturnals, Marshall Crenshaw, Smoking Popes, Stephen Kellogg & the Sixers, The Broken West, The Changes, The Life and Times",Taste of Randolph Street,Chicago,United States,44,https://www.last.fm/festival/224742+Taste+of+Randolph
2007-06-17,2007,The Veils,,Empty Bottle,Chicago,United States,6,https://www.last.fm/event/210249+The+Veils+at+Empty+Bottle+on+17+June+2007
2007-08-03,2007,Lollapalooza 2007,"!!!, Against Me!, Amy Winehouse, Annuals, Apostle of Hustle, Aqueduct, ARCKID, Back Door Slam, Bang Bang Bang",Grant Park,Chicago,United States,1060,https://www.last.fm/festival/34715+Lollapalooza+2007
2007-08-17,2007,The Record Low,Cracklin' Moth,Metro,Chicago,United States,1,https://www.last.fm/event/1470328+The+Record+Low+at+Metro+on+17+August+2007
2007-08-24,2007,Magnolia Electric Co.,"Golden Boots, Thousand Arrows",Empty Bottle,Chicago,United States,9,https://www.last.fm/event/305557+Magnolia+Electric+Co.+at+Empty+Bottle+on+24+August+2007
2007-08-30,2007,Earlimart,"Patrick Park, The String Dream Team",Schubas Tavern,Chicago,United States,9,https://www.last.fm/event/315913+Earlimart+at+Schubas+Tavern+on+30+August+2007
2007-09-07,2007,Hideout Block Party,"Andrew Bird, Art Brut, Bloc Party, Cass McCombs, Dan Deacon, Golden Horse Square Dance Band, Mucca Pazza, The 1900s, The Changes",The Hideout,Chicago,United States,137,https://www.last.fm/festival/213471+Hideout+Block+Party
2007-09-14,2007,Bill Callahan,"Bill Callahan, Sir Richard Bishop",Lakeshore Theater,Chicago,United States,20,https://www.last.fm/event/258438+Bill+Callahan
2007-09-18,2007,Devendra Banhart,Matteah Baim,Portage Theater,Chicago,United States,33,https://www.last.fm/event/268273+Devendra+Banhart+at+Portage+Theater+on+18+September+2007
2007-10-12,2007,Spoon,,Riviera Theater,Chicago,United States,46,https://www.last.fm/event/316614+Spoon+at+Riviera+Theater+on+12+October+2007
2007-10-19,2007,Bright Eyes,Andrew Bird,Chicago Theatre,Chicago,United States,60,https://www.last.fm/event/329714+Bright+Eyes+at+Chicago+Theatre+on+19+October+2007
2007-10-20,2007,Ween,,The Aragon Ballroom,,United States,17,https://www.last.fm/event/317723+Ween+at+The+Aragon+Ballroom+on+20+October+2007
2007-10-24,2007,Figurines,Dappled Cities,Schubas Tavern,Chicago,United States,4,https://www.last.fm/event/327842+Figurines+at+Schubas+Tavern+on+24+October+2007
2008-01-20,2008,Tomorrow Never Knows 2008,"The Walkmen, White Denim, White Rabbits",Schubas Tavern,Chicago,United States,20,https://www.last.fm/event/419309++Tomorrow+Never+Knows+2008
2008-02-02,2008,John Hammond,,Schubas Tavern,Chicago,United States,1,https://www.last.fm/event/1468810+John+Hammond+at+Schubas+Tavern+on+02+February+2008
2008-03-06,2008,The Pogues,,Riviera Theater,Chicago,United States,4,https://www.last.fm/event/483404+The+Pogues+at+Riviera+Theater+on+06+March+2008
2008-03-28,2008,Le Loup,"Bodies of Water, The Ruby Suns, Throw Me The Statue",Schubas Tavern,Chicago,United States,11,https://www.last.fm/event/476558+Le+Loup+at+Schubas+Tavern+on+28+March+2008
2008-04-04,2008,Spoon,"The Walkmen, White Rabbits",Vic Theatre,Chicago,United States,35,https://www.last.fm/event/519296+Spoon+at+Vic+Theatre+on+04+April+2008
2008-04-10,2008,Bon Iver,Josh Scott,Lakeshore Theater,Chicago,United States,29,https://www.last.fm/event/505773+Bon+Iver+at+Lakeshore+Theater+on+10+April+2008
2008-05-29,2008,Frightened Rabbit,French Kicks,Double Door,Chicago,United States,7,https://www.last.fm/event/596294+Frightened+Rabbit+at+Double+Door+on+29+May+2008
2008-06-24,2008,Eef Barzelay,Ferraby Lionheart,Schubas Tavern,Chicago,United States,8,https://www.last.fm/event/597639+Eef+Barzelay+at+Schubas+Tavern+on+24+June+2008
2008-07-08,2008,Wolf Parade,Listening Party,House of Blues,Chicago,United States,76,https://www.last.fm/event/600682+Wolf+Parade+at+House+of+Blues+on+08+July+2008
2008-07-17,2008,Fleet Foxes,"A Hawk and a Hacksaw, Boban Markovic, Extra Golden",Jay Pritzker Pavilion - Millennium Park,Chicago,United States,56,https://www.last.fm/event/655899+Fleet+Foxes+at+Jay+Pritzker+Pavilion+-+Millennium+Park+on+17+July+2008
2008-07-18,2008,Pitchfork Music Festival 2008,"Public Enemy, !!!, A Hawk and a Hacksaw, Animal Collective, Atlas Sound, Boban i Marko Markovic Orkestar, Bon Iver, Boris, Caribou",Union Park,Chicago,United States,1013,https://www.last.fm/festival/544125+Pitchfork+Music+Festival+2008
2008-08-02,2008,Broken Social Scene,Yeasayer,Metro,Chicago,United States,62,https://www.last.fm/event/662238+Broken+Social+Scene+at+Metro+on+02+August+2008
2008-09-03,2008,Andrew Bird,Occidental Brothers Dance Band International,Jay Pritzker Pavilion - Millennium Park,Chicago,United States,204,https://www.last.fm/event/591039+Andrew+Bird+at+Jay+Pritzker+Pavilion+-+Millennium+Park+on+03+September+2008
2008-09-12,2008,The Walkmen,"Ezra Furman, Golem, The Harpoons",Metro,Chicago,United States,18,https://www.last.fm/event/687621+The+Walkmen+at+Metro+on+12+September+2008
2008-09-20,2008,Hideout Block Party,"Neko Case, Black Mountain, Dan Le Sac vs Scroobius Pip, Dark Meat, Giant Sand, Hercules and Love Affair, Honey Boy Edwards/Devil in a Woodpile, Little Cow, Monotonix",The Hideout,Chicago,United States,115,https://www.last.fm/festival/669989+Hideout+Block+Party
2008-09-25,2008,Calexico,Mariachi Luz de Luna,Jay Pritzker Pavilion - Millennium Park,Chicago,United States,45,https://www.last.fm/event/656529+Calexico+at+Jay+Pritzker+Pavilion+-+Millennium+Park+on+25+September+2008
2008-09-25,2008,Damien Jurado,,Schubas Tavern,Chicago,United States,8,https://www.last.fm/event/683419+Damien+Jurado+at+Schubas+Tavern+on+25+September+2008
2008-09-27,2008,Ron Sexsmith,,Schubas Tavern,Chicago,United States,1,https://www.last.fm/event/1471837+Ron+Sexsmith+at+Schubas+Tavern+on+27+September+2008
2008-10-11,2008,Jimmie Dale Gilmore,,Old Town School of Folk Music,Chicago,United States,1,https://www.last.fm/event/1467430+Jimmie+Dale+Gilmore+at+Old+Town+School+of+Folk+Music+on+11+October+2008
2008-10-23,2008,Frightened Rabbit,"The Laureates, The Spinto Band",Metro,Chicago,United States,11,https://www.last.fm/event/717894+Frightened+Rabbit+at+Metro+on+23+October+2008
2008-10-26,2008,Songs of David Byrne & Brian Eno,David Byrne,Civic Opera House,Chicago,United States,25,https://www.last.fm/event/716130+Songs+of+David+Byrne+&+Brian+Eno
2008-12-06,2008,Alex Chilton,,Old Town School of Folk Music,Chicago,United States,7,https://www.last.fm/event/691449+Alex+Chilton+at+Old+Town+School+of+Folk+Music+on+06+December+2008
2008-12-09,2008,Neil Young,"Dr. John, Everest",Allstate Arena,Rosemont,United States,17,https://www.last.fm/event/733182+Neil+Young+at+Allstate+Arena+on+09+December+2008
2008-12-18,2008,Bon Iver,The Tallest Man on Earth,Vic Theatre,Chicago,United States,58,https://www.last.fm/event/804660+Bon+Iver+at+Vic+Theatre+on+18+December+2008
2009-02-19,2009,Blitzen Trapper,Alela Diane,Empty Bottle,Chicago,United States,15,https://www.last.fm/event/869581+Blitzen+Trapper+at+Empty+Bottle+on+19+February+2009
2009-03-14,2009,Bonnie 'Prince' Billy,,Vic Theatre,Chicago,United States,32,https://www.last.fm/event/895222+Bonnie+%27Prince%27+Billy+at+Vic+Theatre+on+14+March+2009
2009-03-16,2009,Langhorne Slim,Blind Pilot,Schubas Tavern,Chicago,United States,8,https://www.last.fm/event/897102+Langhorne+Slim+at+Schubas+Tavern+on+16+March+2009
2009-03-25,2009,A.C. Newman,The Broken West,Logan Square Auditorium,,United States,10,https://www.last.fm/event/862290+A.C.+Newman+at+Logan+Square+Auditorium+on+25+March+2009
2009-04-03,2009,Blind Pilot,"Deanna Devore, Death Ships",Schubas Tavern,Chicago,United States,6,https://www.last.fm/event/961334+Blind+Pilot+at+Schubas+Tavern+on+03+April+2009
2009-04-10,2009,Andrew Bird,A Hawk and a Hacksaw,Civic Opera House,Chicago,United States,86,https://www.last.fm/event/863061+Andrew+Bird+at+Civic+Opera+House+on+10+April+2009
2009-05-12,2009,Vetiver,"Vetiver, Papercuts, The Singleman Affair",AV-aerie,Chicago,United States,16,https://www.last.fm/event/945976+Vetiver
2009-05-30,2009,Do Division Street Festival,"Flosstradamus, Bad Veins, Dark Meat, Handsome Furs, Hollywood Holt, JC Brooks & The Uptown Sound, Lamajamal, Menomena, Mt. St. Helens Vietnam Band",Division & Damen,"Chicago, IL",United States,98,https://www.last.fm/festival/1016597+Do+Division+Street+Festival
2009-06-13,2009,Phoenix,Amazing Baby,Park West,Chicago,United States,36,https://www.last.fm/event/1030231+Phoenix+at+Park+West+on+13+June+2009
2009-06-19,2009,Bill Callahan,Ga'an,Bottom Lounge,Chicago,United States,15,https://www.last.fm/event/1019357+Bill+Callahan+at+Bottom+Lounge+on+19+June+2009
2009-07-17,2009,The National,,Pabst Theater,Milwaukee,United States,35,https://www.last.fm/event/992712+The+National+at+Pabst+Theater+on+17+July+2009
2009-07-25,2009,Elvis Perkins in Dearland,,Subterranean,Chicago,United States,6,https://www.last.fm/event/1052930+Elvis+Perkins+in+Dearland+at+Subterranean+on+25+July+2009
2009-08-07,2009,Band of Horses,Cass McCombs,House of Blues,Chicago,United States,26,https://www.last.fm/event/1121263+Band+of+Horses+at+House+of+Blues+on+07+August+2009
2009-08-15,2009,Green Music Fest '09,"Art Brut, Brilliant Pebbles, Canasta, Catfish Haven, Elsinore, Lucero, Maritime, minneapolis henrys, Murder By Death",Eckhart Park,None,United States,38,https://www.last.fm/festival/1098538+Green+Music+Fest+%2709
2009-09-25,2009,Chairlift,Micachu,Schubas Tavern,Chicago,United States,17,https://www.last.fm/event/1152647+Chairlift+at+Schubas+Tavern+on+25+September+2009
2009-09-27,2009,Grizzly Bear,Beach House,Metro,Chicago,United States,79,https://www.last.fm/event/1139247+Grizzly+Bear+at+Metro+on+27+September+2009
2009-10-23,2009,Langhorne Slim,"Dawes, Tom Schraeder & His Ego",Lincoln Hall,Chicago,United States,7,https://www.last.fm/event/1254195+Langhorne+Slim+at+Lincoln+Hall+on+23+October+2009
2009-10-29,2009,Loudon Wainwright III,Richard Thompson,Vic Theatre,Chicago,United States,5,https://www.last.fm/event/1140664+Loudon+Wainwright+III+at+Vic+Theatre+on+29+October+2009
2009-11-09,2009,Fanfarlo,Freelance Whales,Schubas Tavern,Chicago,United States,9,https://www.last.fm/event/1275370+Fanfarlo+at+Schubas+Tavern+on+09+November+2009
2009-11-11,2009,The Walkmen,White Rabbits,Schubas Tavern,Chicago,United States,15,https://www.last.fm/event/1227480+The+Walkmen+at+Schubas+Tavern+on+11+November+2009
2009-11-12,2009,The Walkmen,White Rabbits,Lincoln Hall,Chicago,United States,15,https://www.last.fm/event/1251978+The+Walkmen+at+Lincoln+Hall+on+12+November+2009
2009-11-21,2009,A.A. Bondy,Elvis Perkins in Dearland,Lincoln Hall,Chicago,United States,13,https://www.last.fm/event/1233621+A.A.+Bondy+at+Lincoln+Hall+on+21+November+2009
2009-12-12,2009,Chicago Bluegrass and Blues Festival,"Béla Fleck, Béla Fleck and the Flecktones, Chicago Farmer, Dr. Dog, Eddy Clearwater, Emmitt Nershi Band, Emmitt-Nershi Band, Environmental Encroachment, Goodbyehome",Congress Theater,Chicago,United States,19,https://www.last.fm/festival/1237036+Chicago+Bluegrass+and+Blues+Festival
2009-12-16,2009,Andrew Bird,,Fourth Presbyterian Church,Chicago,United States,12,https://www.last.fm/event/1274190+Andrew+Bird+at+Fourth+Presbyterian+Church+on+16+December+2009
2009-12-27,2009,Jeff Tweedy,,Orpheum Theatre,Phoenix,United States,21,https://www.last.fm/event/1307903+Jeff+Tweedy+at+Orpheum+Theatre+on+27+December+2009
2010-01-15,2010,Atlas Sound,"Icy Demons, Shapers",Lincoln Hall,Chicago,United States,46,https://www.last.fm/event/1306097+Atlas+Sound+at+Lincoln+Hall+on+15+January+2010
2010-01-16,2010,Tomorrow Never Knows 2010,"Bowerbirds, Julie Doiron, The Rural Alberta Advantage",Lincoln Hall,Chicago,United States,23,https://www.last.fm/event/1293909+Tomorrow+Never+Knows+2010
2010-02-13,2010,Gene Ween,Gene Ween,Lincoln Hall,Chicago,United States,9,https://www.last.fm/event/1319918+Gene+Ween
2010-03-10,2010,Vetiver,"Please the Trees, Robbie Hamilton & Soft Drugs",Empty Bottle,Chicago,United States,14,https://www.last.fm/event/1368332+Vetiver+at+Empty+Bottle+on+10+March+2010
2010-03-13,2010,Ray Davies,Ray Davies,Riviera Theater,Chicago,United States,4,https://www.last.fm/event/1390614+Ray+Davies
2010-03-17,2010,The Clientele,"Field Music, Liam Hayes",Lincoln Hall,Chicago,United States,25,https://www.last.fm/event/1337765+The+Clientele+at+Lincoln+Hall+on+17+March+2010
2010-04-01,2010,Spoon,"Deerhunter, Micachu & The Shapes",The Aragon Ballroom,,United States,100,https://www.last.fm/event/1365663+Spoon+at+The+Aragon+Ballroom+on+01+April+2010
2010-04-02,2010,Beach House,Bachelorette,Metro,Chicago,United States,109,https://www.last.fm/event/1365506+Beach+House+at+Metro+on+02+April+2010
2010-04-08,2010,The xx,jj,Lincoln Hall,Chicago,United States,69,https://www.last.fm/event/1326619+The+xx+at+Lincoln+Hall+on+08+April+2010
2010-04-10,2010,Thom Yorke's: Atoms for Peace,"Atoms for Peace, Flying Lotus",The Aragon Ballroom,,United States,116,https://www.last.fm/event/1431310+Thom+Yorke%27s:+Atoms+for+Peace
2010-04-16,2010,Dr. Dog,Sean Bones,Metro,Chicago,United States,35,https://www.last.fm/event/1367501+Dr.+Dog+at+Metro+on+16+April+2010
2010-04-17,2010,Rogue Wave,,Lincoln Hall,Chicago,United States,15,https://www.last.fm/event/1339348+Rogue+Wave+at+Lincoln+Hall+on+17+April+2010
2010-04-29,2010,Yeasayer,"Chandeliers, Sleigh Bells",Metro,Chicago,United States,83,https://www.last.fm/event/1336185+Yeasayer+at+Metro+on+29+April+2010
2010-05-11,2010,Ferraby Lionheart,Leslie and The Badgers,Schubas Tavern,Chicago,United States,1,https://www.last.fm/event/1532909+Ferraby+Lionheart+at+Schubas+Tavern+on+11+May+2010
2010-05-14,2010,Local Natives,Suckers,Schubas Tavern,Chicago,United States,33,https://www.last.fm/event/1419019+Local+Natives+at+Schubas+Tavern+on+14+May+2010
2010-05-21,2010,Sharon Jones and the Dap-Kings,The Heavy,Vic Theatre,Chicago,United States,14,https://www.last.fm/event/1418024+Sharon+Jones+and+the+Dap-Kings+at+Vic+Theatre+on+21+May+2010
2010-05-28,2010,The Tallest Man on Earth,Nathaniel Rateliff,Lincoln Hall,Chicago,United States,45,https://www.last.fm/event/1411621+The+Tallest+Man+on+Earth+at+Lincoln+Hall+on+28+May+2010
2010-06-10,2010,Kings of Convenience,Franklin For Short,Metro,Chicago,United States,58,https://www.last.fm/event/1359827+Kings+of+Convenience+at+Metro+on+10+June+2010
2010-06-18,2010,Kings Go Forth,Soul Summit DJs,Double Door,Chicago,United States,4,https://www.last.fm/event/1538685+Kings+Go+Forth+at+Double+Door+on+18+June+2010
2010-08-06,2010,The Walkmen,Warpaint,Double Door,Chicago,United States,9,https://www.last.fm/event/1579420+The+Walkmen+at+Double+Door+on+06+August+2010
2010-10-13,2010,The Walkmen,"Japandroids, Miniature Tigers",Metro,Chicago,United States,28,https://www.last.fm/event/1631357+The+Walkmen+at+Metro+on+13+October+2010
2010-10-15,2010,The Felice Brothers,Adam Stephens,Empty Bottle,Chicago,United States,12,https://www.last.fm/event/1616852+The+Felice+Brothers+at+Empty+Bottle+on+15+October+2010
2010-12-09,2010,The Greatest Bandit: Music of Kurt Weill,"Daniel Knox, Man is Man, Sally Timms",The Viaduct Theater,Chicago,United States,1,https://www.last.fm/event/3932260+The+Greatest+Bandit:+Music+of+Kurt+Weill
2010-12-15,2010,Andrew Bird,,Fourth Presbyterian Church,Chicago,United States,26,https://www.last.fm/event/1712165+Andrew+Bird+at+Fourth+Presbyterian+Church+on+15+December+2010
2011-01-12,2011,Houses (Chicago)/Sun Airway/The Helio Sequence,"Houses (Chicago), California Wives, Houses, Sun Airway, The Helio Sequence",Lincoln Hall,Chicago,United States,12,https://www.last.fm/event/1778251+Houses+(Chicago)%2FSun+Airway%2FThe+Helio+Sequence
2011-02-12,2011,James Hunter,,SPACE,"Evanston, IL",United States,1,https://www.last.fm/event/2034327+James+Hunter+at+SPACE+on+12+February+2011
2011-03-03,2011,The Pogues,Titus Andronicus,Congress Theater,Chicago,United States,42,https://www.last.fm/event/1748979+The+Pogues+at+Congress+Theater+on+03+March+2011
2011-03-12,2011,Middle Brother,"Dawes, Deer Tick, Jonny Corndawg",Metro,Chicago,United States,23,https://www.last.fm/event/1800169+Middle+Brother+at+Metro+on+12+March+2011
2011-03-23,2011,Papercuts,Still Corners,Schubas Tavern,Chicago,United States,3,https://www.last.fm/event/1873483+Papercuts+at+Schubas+Tavern+on+23+March+2011
2011-05-14,2011,Loudon Wainwright III,,Old Town School of Folk Music,Chicago,United States,1,https://www.last.fm/event/2034325+Loudon+Wainwright+III+at+Old+Town+School+of+Folk+Music+on+14+May+2011
2011-05-26,2011,Daniel Knox,,The Hideout,Chicago,United States,1,https://www.last.fm/event/2034322+Daniel+Knox+at+The+Hideout+on+26+May+2011
2011-07-29,2011,Woods,"Woods, DJ Britt Govea, The Fresh & Onlys, The Mantles",The Independent,San Francisco,United States,23,https://www.last.fm/event/1966466+Woods
2011-08-12,2011,Vetiver,"Extra Classic, tUnE-yArDs",Rickshaw Stop,San Francisco,United States,3,https://www.last.fm/event/2016745+Vetiver+at+Rickshaw+Stop+on+12+August+2011
2011-08-27,2011,The Dodos,The Luyas,The Autry in Griffith Park,Los Angeles,United States,12,https://www.last.fm/event/2011605+The+Dodos+at+The+Autry+in+Griffith+Park+on+27+August+2011
2011-09-10,2011,Fleet Foxes,The Walkmen,Greek Theatre - U.C. Berkeley,Berkeley,United States,80,https://www.last.fm/event/1962875+Fleet+Foxes+at+Greek+Theatre+-+U.C.+Berkeley+on+10+September+2011
2011-09-23,2011,James Vincent McMorrow,William Elliott Whitmore,Slim's,San Francisco,United States,3,https://www.last.fm/event/2061010+James+Vincent+McMorrow+at+Slim%27s+on+23+September+2011
2011-10-11,2011,Chad VanGaalen,Gary War,Café du Nord,San Francisco,United States,2,https://www.last.fm/event/2084448+Chad+VanGaalen+at+Caf%C3%A9+du+Nord+on+11+October+2011
2011-10-14,2011,"""How Do You Do"" Album Release Party!","Mayer Hawthorne, Chico Mann, Mayer Hawthorne & The County",Bimbo's 365 Club,San Francisco,United States,8,https://www.last.fm/event/2042285+%22How+Do+You+Do%22+Album+Release+Party!
2011-11-23,2011,Crooked Fingers,Strand of Oaks,Bottom of the Hill,San Francisco,United States,1,https://www.last.fm/event/2027270+Crooked+Fingers+at+Bottom+of+the+Hill+on+23+November+2011
2011-12-03,2011,The National,"Local Natives, Wye Oak",Bill Graham Civic Auditorium,San Francisco,United States,106,https://www.last.fm/event/2054879+The+National+at+Bill+Graham+Civic+Auditorium+on+03+December+2011
2012-01-20,2012,The Walkmen,,The Independent,San Francisco,United States,1,https://www.last.fm/event/3175390+The+Walkmen+at+The+Independent+on+20+January+2012
2012-05-18,2012,Lee Fields & The Expressions,,Brick & Mortar Music Hall,San Francisco,United States,5,https://www.last.fm/event/3202694+Lee+Fields+&+The+Expressions+at+Brick+&+Mortar+Music+Hall+on+18+May+2012
2012-08-09,2012,Outside Lands Night Show - Andrew Bird,Andrew Bird,The Independent,San Francisco,United States,8,https://www.last.fm/event/3336109+Outside+Lands+Night+Show+-+Andrew+Bird
2012-08-10,2012,Outside Lands Music & Arts Festival 2012,"Alabama Shakes, Allen Stone, Amadou & Mariam, Andrew Bird, Animal Kingdom, Antibalas Afrobeat Orchestra, Beck, Big Boi, Big Gigantic",Golden Gate Park,San Francisco,United States,485,https://www.last.fm/festival/3230923+Outside+Lands+Music+&+Arts+Festival+2012
2012-08-10,2012,Sharon Van Etten,"Sharon Van Etten, Dosh",Rickshaw Stop,San Francisco,United States,9,https://www.last.fm/event/3345509+Sharon+Van+Etten
2012-08-19,2012,Phish,,Bill Graham Civic Auditorium,San Francisco,United States,4,https://www.last.fm/event/3256629+Phish+at+Bill+Graham+Civic+Auditorium+on+19+August+2012
2012-09-22,2012,Wilco,,Greek Theatre - U.C. Berkeley,Berkeley,United States,21,https://www.last.fm/event/3290991+Wilco+at+Greek+Theatre+-+U.C.+Berkeley+on+22+September+2012
2012-10-07,2012,Michael Kiwanuka,,The Independent,San Francisco,United States,3,https://www.last.fm/event/3336986+Michael+Kiwanuka+at+The+Independent+on+07+October+2012
2013-01-25,2013,The Walkmen,"The Walkmen, Father John Misty",The Fillmore,San Francisco,United States,14,https://www.last.fm/event/3479794+The+Walkmen
2013-03-09,2013,James Hunter,The Relatives,Bimbo's 365 Club,San Francisco,United States,1,https://www.last.fm/event/3461306+James+Hunter+at+Bimbo%27s+365+Club+on+09+March+2013
2013-05-21,2013,Devendra Banhart,,The Regency Ballroom,San Francisco,United States,15,https://www.last.fm/event/3544650+Devendra+Banhart+at+The+Regency+Ballroom+on+21+May+2013
2013-06-08,2013,Chipotle Cultivate,"Mayer Hawthorne, LP, Matt Costa, The Walkmen, Walk the Moon",Golden Gate Park,San Francisco,United States,34,https://www.last.fm/festival/3582417+Chipotle+Cultivate
2014-01-26,2014,The Gene Clark: No Other Tour,"Hamilton Leithauser, Alex Scully, Daniel Rossen, Robin Pecknold, Victoria Legrand",Music Hall of Williamsburg,Brooklyn,United States,1,https://www.last.fm/event/3932264+The+Gene+Clark:+No+Other+Tour
2014-03-21,2014,Bill Frisell's Beautiful Dreamers,Bill Frisell,Village Vanguard,New York,United States,1,https://www.last.fm/event/3932261+Bill+Frisell%27s+Beautiful+Dreamers
2014-04-09,2014,James Vincent McMorrow,,Bowery Ballroom,New York,United States,3,https://www.last.fm/event/3809745+James+Vincent+McMorrow+at+Bowery+Ballroom+on+09+April+2014
2014-04-11,2014,Wheat,Wheat,Union Hall,Brooklyn,United States,1,https://www.last.fm/event/3932262+Wheat
2014-04-15,2014,Daniel Rossen,William Tyler,Music Hall of Williamsburg,Brooklyn,United States,20,https://www.last.fm/event/3752713+Daniel+Rossen+at+Music+Hall+of+Williamsburg+on+15+April+2014
2014-04-16,2014,Hamilton Leithauser,Hamilton Leithauser,Joe's Pub,New York,United States,2,https://www.last.fm/event/3932263+Hamilton+Leithauser
2014-06-06,2014,Hamilton Leithauser,Hamilton Leithauser,Manhattan Inn,Brooklyn,United States,1,https://www.last.fm/event/3932265+Hamilton+Leithauser
2014-06-07,2014,Hamilton Leithauser,San Fermin,Brooklyn Academy of Music,Brooklyn,United States,3,https://www.last.fm/event/3878650+Hamilton+Leithauser+at+Brooklyn+Academy+of+Music+on+07+June+2014
2014-08-29,2014,The Handsome Family,"Cereus Bright, Richard Buckner",Rough Trade NYC,Brooklyn,United States,2,https://www.last.fm/event/3881692+The+Handsome+Family+at+Rough+Trade+NYC+on+29+August+2014
2014-09-26,2014,Broken Bells,Hamilton Leithauser,Central Park,New York,United States,18,https://www.last.fm/event/3904217+Broken+Bells+at+Central+Park+on+26+September+2014
2014-10-01,2014,Delta Spirit,Streets of Laredo,Bowery Ballroom,New York,United States,4,https://www.last.fm/event/3960361+Delta+Spirit+at+Bowery+Ballroom+on+01+October+2014
2014-11-10,2014,Howe Gelb and Grant-Lee Philips,"Howe Gelb, Grant-Lee Phillips",SubCulture,New York City,United States,1,https://www.last.fm/event/4595101+Howe+Gelb+and+Grant-Lee+Philips
2014-12-04,2014,Sophia Knapp,"Daniel Knox, Nico Turner",Baby's All Right,Brooklyn,United States,1,https://www.last.fm/event/4011416+Sophia+Knapp+at+Baby%27s+All+Right+on+04+December+2014
2014-12-11,2014,Hamilton Leithauser,,Bowery Ballroom,New York,United States,3,https://www.last.fm/event/3975078+Hamilton+Leithauser+at+Bowery+Ballroom+on+11+December+2014
2015-01-30,2015,Hamilton Leithauser,,Bowery Ballroom,New York,United States,3,https://www.last.fm/event/4011418+Hamilton+Leithauser+at+Bowery+Ballroom+on+30+January+2015
2015-02-27,2015,The Dodos,Springtime Carnivore,Music Hall of Williamsburg,Brooklyn,United States,7,https://www.last.fm/event/3999346+The+Dodos+at+Music+Hall+of+Williamsburg+on+27+February+2015
2015-04-12,2015,Daniel Knox,Angela James,Rockwood Music Hall,New York,United States,1,https://www.last.fm/event/4122655+Daniel+Knox+at+Rockwood+Music+Hall+on+12+April+2015
2015-04-30,2015,Lord Huron,Hamilton Leithauser,Terminal 5,New York,United States,5,https://www.last.fm/event/4055340+Lord+Huron+at+Terminal+5+on+30+April+2015
2015-05-01,2015,Sufjan Stevens,Naomi Shelton & the Gospel Queens,Kings Theatre,Brooklyn,United States,26,https://www.last.fm/event/4041710+Sufjan+Stevens+at+Kings+Theatre+on+01+May+2015
2015-05-02,2015,Sufjan Stevens,Moses Sumney,Kings Theatre,Brooklyn,United States,16,https://www.last.fm/event/4050225+Sufjan+Stevens+at+Kings+Theatre+on+02+May+2015
2015-06-07,2015,Calexico,Gaby Moreno,Bowery Ballroom,New York,United States,7,https://www.last.fm/event/4053201+Calexico+at+Bowery+Ballroom+on+07+June+2015
2015-08-04,2015,Edward Sharpe & The Magnetic Zeros,Preservation Hall Jazz Band,Prospect Park Bandshell,"Brooklyn, New York",United States,3,https://www.last.fm/event/4079741+Edward+Sharpe+&+The+Magnetic+Zeros+at+Prospect+Park+Bandshell+on+04+August+2015
2015-10-09,2015,Sun Kil Moon,,Town Hall,New York,United States,14,https://www.last.fm/event/4074563+Sun+Kil+Moon+at+Town+Hall+on+09+October+2015
2015-11-01,2015,Gregg Allman,Gregg Allman,City Winery,"New York, NY",United States,1,https://www.last.fm/event/4595140+Gregg+Allman
2015-12-11,2015,Hamilton Leithauser,Hamilton Leithauser,Baby's All Right,"Brooklyn, NY",United States,1,https://www.last.fm/event/4595139+Hamilton+Leithauser
2016-04-03,2016,Michael Kiwanuka,Michael Kiwanuka,Rough Trade NYC,"Brooklyn, NY",United States,1,https://www.last.fm/event/4595137+Michael+Kiwanuka
2016-04-06,2016,"Edward Sharpe and the Magnetic Zeroes at St. Ann & the Holy Trinity church in Brooklyn Heights, NYC",Edward Sharpe & The Magnetic Zeros,St. Ann and the Holy Trinity Church,Brooklyn,United States,1,"https://www.last.fm/event/4595135+Edward+Sharpe+and+the+Magnetic+Zeroes+at+St.+Ann+&+the+Holy+Trinity+church+in+Brooklyn+Heights,+NYC"
2016-06-02,2016,Hamilton Leithauser and Paul Maroon,"Hamilton Leithauser, Paul Maroon",Union Pool,Brooklyn,United States,1,https://www.last.fm/event/4595134+Hamilton+Leithauser+and+Paul+Maroon
2016-06-26,2016,Bill Callahan,Sunwatchers,Baby's All Right,Brooklyn,United States,3,https://www.last.fm/event/4253188+Bill+Callahan+at+Baby%27s+All+Right+on+26+June+2016
2016-07-21,2016,Rayland Baxter,"Rayland Baxter, Futurebirds",Brooklyn Bowl,"Brooklyn, NY",United States,1,https://www.last.fm/event/4595133+Rayland+Baxter
2016-08-19,2016,Wilco,"Wilco, Kurt Vile and the Violaters",Breese Stevens Field,Madison WI,United States,2,https://www.last.fm/event/4296421+Wilco
2016-12-01,2016,The Tallest Man on Earth,Gordi,Melbourne Recital Centre,Southbank,Australia,2,https://www.last.fm/event/4279902+The+Tallest+Man+on+Earth+at+Melbourne+Recital+Centre+on+01+December+2016
2017-01-18,2017,Moses Sumney,"Moses Sumney, Leah Senior",The Toff in Town,Melbourne,Australia,1,https://www.last.fm/event/4595132+Moses+Sumney
2017-04-18,2017,Andrew Bird,,Melbourne Recital Centre,Southbank,Australia,2,https://www.last.fm/event/4304911+Andrew+Bird+at+Melbourne+Recital+Centre+on+18+April+2017
2017-05-31,2017,Bill Callahan,Bill Callahan,The Howler,Brunswick,Australia,1,https://www.last.fm/event/4595130+Bill+Callahan
2018-03-01,2018,The National,,Sidney Myer Music Bowl,Melbourne,Australia,19,https://www.last.fm/event/4354739+The+National+at+Sidney+Myer+Music+Bowl+on+01+March+2018
2019-02-12,2019,Charlie Whitten,"Charlie Whitten, Alexander Biggs",Some Velvet Morning,Clifton Hill,Australia,1,https://www.last.fm/event/4595498+Charlie+Whitten
2019-03-08,2019,Gregory Alan Isakov,"Gregory Alan Isakov, Harrison Storm",The Croxton Bandroom,Melbourne,Australia,1,https://www.last.fm/event/4595124+Gregory+Alan+Isakov
2019-05-25,2019,Jeff Tweedy,"Jeff Tweedy, Jen Cloher",Athenaeum Theatre,"Melbourne, Victoria",Australia,1,https://www.last.fm/event/4595126+Jeff+Tweedy
2019-10-11,2019,Felice Brothers,The Felice Brothers,Corner Hotel,Richmond,Australia,1,https://www.last.fm/event/4595129+Felice+Brothers
2019-10-13,2019,Sui Zhen,"Sui Zhen, Sad",The Howler,Brunswick,Australia,1,https://www.last.fm/event/4595128+Sui+Zhen
2020-03-04,2020,Bill Callahan,"Bill Callahan, Xylouris White",The Arts Centre,Melbourne,Australia,1,https://www.last.fm/event/4595131+Bill+Callahan
